{"accuracy": [0.13772070407867432, 0.35345104336738586, 0.5165328979492188, 0.6683788299560547, 0.7906901836395264, 0.8510433435440063, 0.8818619847297668, 0.9056179523468018, 0.9223114252090454, 0.9332263469696045, 0.9418940544128418, 0.940930962562561, 0.9547351598739624, 0.9553772211074829, 0.9556982517242432, 0.9566613435745239, 0.9627608060836792, 0.965008020401001, 0.9553772211074829, 0.967576265335083, 0.9701444506645203, 0.966292142868042, 0.9743177890777588, 0.9701444506645203, 0.9695023894309998, 0.96982342004776, 0.9733547568321228, 0.9682183265686035, 0.9704654812812805, 0.9720706343650818], "loss": [3.2560994625091553, 2.2752902507781982, 1.6767281293869019, 1.1267526149749756, 0.7331286668777466, 0.5014691352844238, 0.3838097155094147, 0.31361207365989685, 0.25024306774139404, 0.22754190862178802, 0.19964033365249634, 0.1950124353170395, 0.16818289458751678, 0.14630629122257233, 0.1651151329278946, 0.15223923325538635, 0.14244142174720764, 0.1465173065662384, 0.15301430225372314, 0.11824396997690201, 0.10471312701702118, 0.1378701627254486, 0.11218246817588806, 0.1079307273030281, 0.10557227581739426, 0.11797547340393066, 0.12074611335992813, 0.11994855105876923, 0.1161675825715065, 0.10821613669395447], "val_accuracy": [0.2621082663536072, 0.5954415798187256, 0.7606837749481201, 0.8262107968330383, 0.8603988885879517, 0.934472918510437, 0.9145299196243286, 0.8974359035491943, 0.945868968963623, 0.934472918510437, 0.9002848863601685, 0.945868968963623, 0.945868968963623, 0.945868968963623, 0.9230769276618958, 0.9430199265480042, 0.9259259104728699, 0.9145299196243286, 0.945868968963623, 0.9515669345855713, 0.9544159770011902, 0.9601139426231384, 0.8974359035491943, 0.9515669345855713, 0.9173789024353027, 0.9515669345855713, 0.7806267738342285, 0.9430199265480042, 0.9544159770011902, 0.9544159770011902], "val_loss": [2.943655014038086, 1.4072920083999634, 0.8238864541053772, 0.6348733305931091, 0.6064416766166687, 0.3794547915458679, 0.5074057579040527, 0.4587937891483307, 0.3784140646457672, 0.3732903301715851, 0.6233455538749695, 0.3595644533634186, 0.33583998680114746, 0.3701825737953186, 0.48803988099098206, 0.4248828887939453, 0.597621500492096, 0.5753381252288818, 0.3295780122280121, 0.3182237148284912, 0.41480931639671326, 0.3307478129863739, 0.8986293077468872, 0.3039761185646057, 0.6522849202156067, 0.4601491391658783, 1.6125046014785767, 0.45295006036758423, 0.5628492832183838, 0.4243467450141907]}