{"accuracy": [0.026645265519618988, 0.02375601977109909, 0.02247191034257412, 0.026966292411088943, 0.03274478390812874, 0.02375601977109909, 0.024077046662569046, 0.0272873193025589, 0.026645265519618988, 0.03146067261695862, 0.027608346194028854, 0.03338683769106865, 0.02375601977109909, 0.06741572916507721, 0.19775280356407166, 0.287961483001709, 0.35345104336738586, 0.39743179082870483, 0.44751203060150146, 0.48410916328430176, 0.515569806098938, 0.5499197244644165, 0.5852327346801758, 0.6288924813270569, 0.6648474931716919, 0.6930978894233704, 0.7178170084953308, 0.7524879574775696, 0.7775281071662903, 0.7948635816574097], "loss": [3.6563100814819336, 3.593672275543213, 3.5964784622192383, 3.595115900039673, 3.5933666229248047, 3.594834327697754, 3.595398187637329, 3.5936119556427, 3.5962069034576416, 3.5947067737579346, 3.5973665714263916, 3.594788074493408, 3.597730875015259, 3.39518404006958, 2.828678607940674, 2.471601963043213, 2.249708652496338, 2.063077211380005, 1.9306899309158325, 1.7930911779403687, 1.6660159826278687, 1.5569283962249756, 1.4479739665985107, 1.3203423023223877, 1.226609230041504, 1.123137354850769, 1.036850929260254, 0.9520270824432373, 0.8583523631095886, 0.7955514788627625], "val_accuracy": [0.028490029275417328, 0.028490029275417328, 0.028490029275417328, 0.028490029275417328, 0.028490029275417328, 0.025641025975346565, 0.028490029275417328, 0.028490029275417328, 0.028490029275417328, 0.028490029275417328, 0.028490029275417328, 0.025641025975346565, 0.03988603875041008, 0.156695157289505, 0.3276353180408478, 0.45584046840667725, 0.5698005557060242, 0.6068376302719116, 0.5897436141967773, 0.6666666865348816, 0.6951566934585571, 0.752136766910553, 0.8034188151359558, 0.7207977175712585, 0.8176637887954712, 0.8689458966255188, 0.8319088220596313, 0.8803418874740601, 0.9002848863601685, 0.874643862247467], "val_loss": [3.5972986221313477, 3.5977706909179688, 3.59759259223938, 3.5964977741241455, 3.600288152694702, 3.596701145172119, 3.5977978706359863, 3.600463628768921, 3.5969831943511963, 3.6013689041137695, 3.6012730598449707, 3.6010019779205322, 3.590712785720825, 2.9983761310577393, 2.3746330738067627, 1.9939885139465332, 1.667488932609558, 1.5322964191436768, 1.471088171005249, 1.2726653814315796, 1.2689911127090454, 1.0180647373199463, 0.887111485004425, 1.0191919803619385, 0.7966371178627014, 0.6243366003036499, 0.7073597311973572, 0.5221778750419617, 0.46409502625465393, 0.49886202812194824]}